source,text,created_at,retweet_count,favorite_count,is_retweet,id_str
Twitter for iPhone,LOSER! https://t.co/p5imhMJqS1,05-18-2020 14:55:14,32295,135445,false,1262396333064892416
Twitter for iPhone,Most of the money raised by the RINO losers of the so-called ‚ÄúLincoln Project‚Äù goes into their own pockets. With what I‚Äôve done on Judges Taxes Regulations Healthcare the Military Vets (Choice!) &amp; protecting our great 2A they should love Trump. Problem is I BEAT THEM ALL!,05-05-2020 18:18:26,19706,82425,false,1257736426206031874
Twitter for iPhone,....because they don‚Äôt know how to win and their so-called Lincoln Project is a disgrace to Honest Abe. I don‚Äôt know what Kellyanne did to her deranged loser of a husband Moonface but it must have been really bad. John Weaver lost big for Kasich (to me). Crazed Rick Wilson....,05-05-2020 04:46:34,12665,56868,false,1257532112233803782
Twitter for iPhone,....lost for Evan ‚ÄúMcMuffin‚Äù McMullin (to me). Steve Schmidt &amp; Reed Galvin lost for John McCain Romney‚Äôs campaign manager (?) lost big to ‚ÄúO‚Äù &amp; Jennifer Horn got thrown out of the New Hampshire Republican Party. They‚Äôre all LOSERS but Abe Lincoln Republican is all smiles!,05-05-2020 04:46:34,13855,62268,false,1257532114666508291
Twitter for iPhone,....get even for all of their many failures. You see these loser types don‚Äôt care about 252 new Federal Judges 2 great Supreme Court Justices a rebuilt military a protected 2nd Amendment biggest EVER Tax &amp; Regulation cuts and much more. I didn‚Äôt use any of them....,05-05-2020 04:46:33,8122,33261,false,1257532110971318274
Twitter for iPhone,Cryin Chuck Schumer compared to what other Senators have brought home to their states has brought very little back to N.Y. A totally overrated loser the one thing he has given them is SALT. He never even called me to stop it. No wonder Cuomo &amp; most others can‚Äôt stand him. AOC!,05-01-2020 12:14:36,21049,90556,false,1256195312965877760
Twitter for iPhone,They are Fake News Losers! https://t.co/3RHcBZogms,04-18-2020 03:35:10,17404,70340,false,1251353550703247361
Twitter for iPhone,The Wall Street Journal Editorial Board doesn‚Äôt have a clue on how to fight and win. Their views on Tariffs &amp; Trade are losers for the U.S. but winners for other countries including China. If we followed their standards  we‚Äôd have no Country left. They should love Sleepy Joe!,04-11-2020 22:35:35,17187,73928,false,1249103831994118146
Twitter for iPhone,Pocahontas working in conjunction with the Democrat Party totally destroyed the campaign of Bernie Sanders. If she would have quit 3 days earlier Sanders would have beaten Biden in a route it wouldn‚Äôt even have been close. They also got two other losers to support Sleepy Joe!,03-11-2020 04:55:59,19927,102684,false,1237603152490147850
Twitter for iPhone,Elizabeth ‚ÄúPocahontas‚Äù Warren other than Mini Mike was the loser of the night. She didn‚Äôt even come close to winning her home state of Massachusetts. Well now she can just sit back with her husband and have a nice cold beer!,03-04-2020 03:35:16,31786,170852,false,1235046124328755200
Twitter for iPhone,The biggest loser tonight by far is Mini Mike Bloomberg. His ‚Äúpolitical‚Äù consultants took him for a ride. $700 million washed down the drain and he got nothing for it but the nickname Mini Mike and the complete destruction of his reputation. Way to go Mike!,03-04-2020 03:23:58,31194,164102,false,1235043280846381058
Twitter for iPhone,A so-called reporter named @JohnJHarwood who bombed so badly in the 2016 Presidential Debates that I thought he was going to be immediately fired (a Mini Mike type performance) is now with Fake News @CNN. A total loser!,02-29-2020 03:00:18,13060,59154,false,1233587771513507840
Twitter for iPhone,To the people of South Carolina Tom Steyer is a joke laughed at by everyone a total incompetent. He made money in coal now he ‚Äúhates‚Äù coal. Did you see him fawning over Crazy Bernie? Has no chance a loser for South Carolina doesn‚Äôt deserve your vote!,02-28-2020 14:54:51,18676,93228,false,1233405207217876992
Twitter for iPhone,RT @ByronYork: Amusing: First Bloomberg called for Biden Buttigieg Klobuchar to quit race. Hey all you losers leave it to Mike! Now Te‚Ä¶,02-22-2020 03:55:24,4082,0,true,1231064925168185345
Twitter for iPhone,Mini Mike Bloomberg is a LOSER who has money but can‚Äôt debate and has zero presence you will see. He reminds me of a tiny version of Jeb ‚ÄúLow Energy‚Äù Bush but Jeb has more political skill and has treated the Black community much better than Mini! https://t.co/qIef5VhjDr,02-13-2020 13:13:09,22416,94518,false,1227943796681400320
Twitter for iPhone,Steyer is a major loser. Just doesn‚Äôt get it. This is second time with Bernie! https://t.co/fxZh8zNhks,01-22-2020 13:23:33,7410,33830,false,1219973879692713989
Twitter for iPhone,Two stone cold losers from Amazon WP. Almost every story is a made up lie just like corrupt pol Shifty Schiff who fraudulently made up my call with Ukraine. Fiction! https://t.co/0Oad0738NG,01-20-2020 18:48:44,15316,60108,false,1219330940461309952
Twitter for iPhone,RT @RepMattGaetz: There are a lot of moderate Dems who recognize what a political loser impeachment is.They're encouraging their leadersh‚Ä¶,12-12-2019 12:40:30,5051,0,true,1205105142216974336
Twitter for iPhone,Don‚Äôt get why @FoxNews puts losers on like @RepSwalwell (who got ZERO as presidential candidate before quitting) Pramila Jayapal David Cicilline and others who are Radical Left Haters? The Dems wouldn‚Äôt let @FoxNews get near their bad ratings debates yet Fox panders. Pathetic!,12-08-2019 19:42:13,14571,54970,false,1203761720419856387
Twitter for iPhone,Why do @ShannonBream &amp; @FoxNews waste airtime on Democrat Rep. Eric Swalwell who recently left the Presidential Primaries having attained a grand number of ZERO in the polls. I don‚Äôt even know how that is possible. Fox should stay with the people that got them there not losers!,11-21-2019 12:26:31,12543,49794,false,1197491477573709825
Twitter for iPhone,‚ÄúNancy Pelosi cares more about power than she does about principle. She did not want to go down this road. She realizes this is a huge loser for Democrats. The Founders envisioned the worst people being in politics yet they couldn‚Äôt envision this. You have these people taking...,11-13-2019 13:18:05,15818,59700,false,1194605354484715520
Twitter for iPhone,But the Witch Hunt continues. After 3 years of relentless attacks against the Republican Party &amp; me the Do Nothing Dems are losers for America! https://t.co/met2y8VoPe,11-09-2019 16:15:08,16184,62448,false,1193200357243080704
Twitter for iPhone,Who the hell is Joy-Ann Reid? Never met her she knows ZERO about me has NO talent and truly doesn‚Äôt have the ‚Äúit‚Äù factor needed for success in showbiz. Had a bad reputation and now works for the Comcast/NBC losers making up phony stories about me. Low Ratings. Fake News!,09-14-2019 13:04:10,19049,90761,false,1172858577951821825
Twitter for iPhone,A made up Radical Left Story about Doral bedbugs but Bret Stephens is loaded up with them! Been calling me wrong for years along with the few remaining Never Trumpers - All Losers! https://t.co/KlzzMC40Vt,08-28-2019 03:23:11,12697,54509,false,1166551774431498247
Twitter for iPhone,Just watched a world class loser Tim O‚ÄôBrien who I haven‚Äôt seen or spoken to in many years &amp; knows NOTHING about me except that he wrote a failed hit piece book about me 15 years ago. Fired like a dog from other jobs? Saw him on Lyin‚Äô Brian Williams Trump Slam Show. Bad TV....,08-08-2019 04:20:03,19724,111272,false,1159318329506574336
Twitter for iPhone,....I am so amazed that MSNBC &amp; CNN can keep putting on over and over again people that have no idea what I am all about and yet they speak as experts on ‚ÄúTrump.‚Äù Same people since long before the 2016 Election and how did that work out for the Haters and Losers. Not well!,08-08-2019 04:20:03,19748,111268,false,1159318330311880706
Twitter for iPhone,Great news for the Republican Party as one of the dumbest &amp; most disloyal men in Congress is ‚Äúquitting‚Äù the Party. No Collusion No Obstruction! Knew he couldn‚Äôt get the nomination to run again in the Great State of Michigan. Already being challenged for his seat. A total loser!,07-04-2019 13:05:17,25722,116119,false,1146766931573301248
Twitter for iPhone,RT @RealCandaceO: You cannot be a victim and a victor at the same time. You can either choose to win or accept your status as a loser.‚Ä¶,07-04-2019 12:42:23,16065,0,false,1146761170004713472
Twitter for iPhone,Big Rally tomorrow night in Orlando Florida looks to be setting records. We are building large movie screens outside to take care of everybody. Over 100000 requests. Our Country is doing great far beyond what the haters &amp; losers thought possible - and it will only get better!,06-17-2019 12:00:45,25894,106228,false,1140590099870171137
Twitter for iPhone,The Corrupt News Media is totally out of control - they have given up and don‚Äôt even care anymore. Mainstream Media has ZERO CREDIBILITY - TOTAL LOSERS!,06-15-2019 19:04:33,26250,104743,false,1139971974854258688
Twitter for iPhone,....other than to know he was and is a total Loser. When he makes statements about me they are made up he knows nothing!,06-09-2019 03:54:08,10528,59643,false,1137568536690343936
Twitter for iPhone,.@SadiqKhan who by all accounts has done a terrible job as Mayor of London has been foolishly ‚Äúnasty‚Äù to the visiting President of the United States by far the most important ally of the United Kingdom. He is a stone cold loser who should focus on crime in London not me......,06-03-2019 07:51:18,47335,201594,false,1135453891326238721
Twitter for iPhone,....he would see that it was nevertheless strong on NO COLLUSION and ultimately NO OBSTRUCTION...Anyway how do you Obstruct when there is no crime and in fact the crimes were committed by the other side? Justin is a loser who sadly plays right into our opponents hands!,05-19-2019 13:55:07,17264,78231,false,1130109633673211906
Twitter for iPhone,....There is nothing to admire about them they will always try to show a glimmer of vicious hope but they are losers and barely breathing. Think about that before you destroy your lives and the lives of your family!,03-22-2019 16:15:05,18777,105976,false,1109126359861944322
Twitter for iPhone,George Conway often referred to as Mr. Kellyanne Conway by those who know him is VERY jealous of his wife‚Äôs success &amp; angry that I with her help didn‚Äôt give him the job he so desperately wanted. I barely know him but just take a look a stone cold LOSER &amp; husband from hell!,03-20-2019 11:51:40,26011,127551,false,1108335293671845888
Twitter for iPhone,A total loser! https://t.co/vm3Vv2f9jf,03-19-2019 12:34:40,15861,69178,false,1107983725034463232
Twitter for iPhone,RT @vmbb12: We have to fight back. They have not let up on President Trump nor his supporters since they lost. They are losers we are win‚Ä¶,03-17-2019 21:36:00,15485,0,false,1107395181534429184
Twitter for iPhone,....must stay strong and fight back with vigor. Stop working soooo hard on being politically correct which will only bring you down and continue to fight for our Country. The losers all want what you have don‚Äôt give it to them. Be strong &amp; prosper be weak &amp; die! Stay true....,03-17-2019 13:33:03,26567,104362,false,1107273645196537857
Twitter for iPhone,‚ÄúNow that the Dems are going to try &amp; switch from Collusion to some other reason it makes them continue to look like sore losers who didn‚Äôt accept the WILL OF THE PEOPLE in the last election - they will do anything to get rid of the President.‚Äù @AriFleischer It will never work!,03-04-2019 20:06:34,25885,102759,false,1102661631568461824
Twitter for iPhone,I never said anything bad about Andrew McCabe‚Äôs wife other than she (they) should not have taken large amounts of campaign money from a Crooked Hillary source when Clinton was under investigation by the FBI. I never called his wife a loser to him (another McCabe made up lie)!,02-19-2019 16:05:01,25963,116520,false,1097889803864064001
Twitter for iPhone,Lyin‚Äô James Comey Andrew McCabe Peter S and his lover agent Lisa Page &amp; more all disgraced and/or fired and caught in the act. These are just some of the losers that tried to do a number on your President. Part of the Witch Hunt. Remember the ‚Äúinsurance policy?‚Äù This is it!,01-12-2019 14:20:33,27269,110175,false,1084092774633353217
Twitter for iPhone,How can ‚ÄúSenator‚Äù Richard Blumenthal who went around for twenty years as a Connecticut politician bragging that he was a great Marine war hero in Vietnam (then got caught and sobbingly admitted he was neither a Marine nor ever in Vietnam) pass judgement on anyone? Loser!,08-17-2018 00:56:42,30040,110496,false,1030257073047658501
Twitter for iPhone,...really bad things. Nasty to people &amp; would constantly miss meetings &amp; work. When Gen. Kelly came on board he told me she was a loser &amp; nothing but problems. I told him to try working it out if possible because she only said GREAT things about me - until she got fired!,08-13-2018 13:50:27,18386,80892,false,1029002242932834310
Twitter for iPhone,.....Will the FBI ever recover it‚Äôs once stellar reputation so badly damaged by Comey McCabe Peter S and his lover the lovely Lisa Page and other top officials now dismissed or fired? So many of the great men and women of the FBI have been hurt by these clowns and losers!,08-11-2018 13:18:06,25591,104931,false,1028269328246947840
Twitter for iPhone,.....Will the FBI ever recover it‚Äôs once stellar reputation so badly damaged by Comey McCabe Peter S and his lover the lovely Lisa Page and other top officials now dismissed or fired? So many of the great men and women of the FBI have been hurt by these clowns and losers!,08-11-2018 12:49:02,4352,15424,false,1028262012332240901
Twitter for iPhone,Why was the FBI‚Äôs sick loser Peter Strzok working on the totally discredited Mueller team of 13 Angry &amp; Conflicted Democrats when Strzok was giving Crooked Hillary a free pass yet telling his lover lawyer Lisa Page that ‚Äúwe‚Äôll stop‚Äù Trump from becoming President? Witch Hunt!,06-18-2018 00:42:04,21339,84263,false,1008510118395293699
Twitter for iPhone,The fact that I am having a meeting is a major loss for the U.S. say the haters &amp; losers. We have our hostages testing research and all missle launches have stoped and these pundits who have called me wrong from the beginning have nothing else they can say! We will be fine!,06-11-2018 22:04:01,33959,150303,false,1006296018210603008
Twitter for iPhone,....non-existent ‚Äúsources‚Äù and a drunk/drugged up loser who hates Michael a fine person with a wonderful family. Michael is a businessman for his own account/lawyer who I have always liked &amp; respected. Most people will flip if the Government lets them out of trouble even if....,04-21-2018 13:10:01,10795,49503,false,987679850545778689
Twitter for iPhone,....non-existent ‚Äúsources‚Äù and a drunk/drugged up loser who hates Michael a fine person with a wonderful family. Michael is a businessman for his own account/lawyer who I have always liked &amp; respected. Most people will flip if the Government lets them out of trouble even if....,04-21-2018 12:17:22,2671,10374,false,987666601808924672
Twitter for iPhone,The Fake News of big ratings loser CNN. https://t.co/rYsv90cnvs,02-18-2018 13:46:39,19637,76885,false,965221024496279552
Twitter for iPhone,The Democrats want to shut down the Government over Amnesty for all and Border Security. The biggest loser will be our rapidly rebuilding Military at a time we need it more than ever. We need a merit based system of immigration and we need it now! No more dangerous Lottery.,01-16-2018 14:07:38,24015,100620,false,953267506004754432
Twitter for iPhone,The Fake News Awards those going to the most corrupt &amp; biased of the Mainstream Media will be presented to the losers on Wednesday January 17th rather than this coming Monday. The interest in and importance of these awards is far greater than anyone could have anticipated!,01-07-2018 20:35:39,37762,151191,,950103659337134080
Twitter for iPhone,Michael Wolff is a total loser who made up stories in order to sell this really boring and untruthful book. He used Sloppy Steve Bannon who cried when he got fired and begged for his job. Now Sloppy Steve has been dumped like a dog by almost everyone. Too bad! https://t.co/mEeUhk5ZV9,01-06-2018 04:32:08,23915,88836,,949498795074736129
Twitter for iPhone,Crooked Hillary Clinton is the worst (and biggest) loser of all time. She just can‚Äôt stop which is so good for the Republican Party. Hillary get on with your life and give it another try in three years!,11-18-2017 13:31:47,51390,191955,false,931877599034388480
Twitter for iPhone,While in the Philippines I was forced to watch @CNN which I have not done in months and again realized how bad and FAKE it is. Loser!,11-15-2017 10:45:39,32702,135601,false,930748627642998784
Twitter for iPhone,RT @realDonaldTrump: Loser terrorists must be dealt with in a much tougher manner.The internet is their main recruitment tool which we must‚Ä¶,09-17-2017 13:03:32,21445,0,true,909402439643750400
Twitter for iPhone,Loser terrorists must be dealt with in a much tougher manner.The internet is their main recruitment tool which we must cut off &amp; use better!,09-15-2017 10:48:18,21411,97462,false,908643633901039617
Twitter for iPhone,Another attack in London by a loser terrorist.These are sick and demented people who were in the sights of Scotland Yard. Must be proactive!,09-15-2017 10:42:55,29327,110223,false,908642277987356673
Twitter for iPhone,RT @Bet22325450ste: @FoxBusiness @foxandfriends Come on America. Get on the Trump Train. The winners already have boarded! The losers are w‚Ä¶,08-04-2017 13:20:21,9648,0,true,893461607275270144
Twitter for Android,.@CNN just doesn't get it and that's why their ratings are so low - and getting worse. Boring anti-Trump panelists mostly losers in life!,09-17-2016 13:13:43,12708,39146,false,777133433915002880
Twitter for iPhone,Bill Kristol has been wrong for 2yrs-an embarrassed loser but if the GOP can't control their own then they are not a party. Be tough R's!,05-29-2016 22:53:16,5076,16261,false,737054226833149952
Twitter for Android,"@daybastrop @foxandfriends @BretBaier The liars that signed the pledge and now won't support @realDonaldTrump IS the reason they are losers,05-09-2016 12:15:04,3520,10096,false,729645861089775616
Twitter for iPhone,Phony Club For Growth tried to shake me down for one million dollars &amp; is now putting out nasty negative ads on me. They are total losers!,03-09-2016 21:46:12,4856,13859,false,707683931609550848
Twitter for Android,.@FoxNews is devastated that lightweight Senator Marco Rubio got trounced tonight and is the big loser. I won the two big states great!,03-06-2016 05:40:37,5472,19409,false,706353772751163392
Twitter for Android,"@SirHatchporch: Mary Kissel is an SNL character right? She's not a real person right? #MorningJoe"  She is a major loser - no clue!,03-04-2016 12:29:12,1630,5944,false,705731821489807364
Twitter for Android,Have a good chance to win Texas on Tuesday. Cruz is a nasty guy not one Senate endorsement and despite talk gets nothing done. Loser!,02-26-2016 14:02:29,4815,15440,false,703218582310641667
Twitter for Android,There are no buyers for the worthless @NYDailyNews but little Mort Zuckerman is frantically looking. It is bleeding red ink - a total loser!,02-11-2016 14:13:09,2062,6845,false,697785447771172864
Twitter for iPhone,Really dumb @CheriJacobus. Begged my people for a job. Turned her down twice and she went hostile. Major loser zero credibility!,02-06-2016 02:01:35,1725,4860,false,695789403374014464
Twitter for iPhone,Dope Frank Bruni said I called many people including Karl Rove losers-true! I never called my friend @HowardStern a loser- he‚Äôs a winner!,01-19-2016 14:44:25,1456,4280,false,689458393283563524
Twitter for iPhone,Joe McQuaid (@deucecrew) is desperately trying to sell the @UnionLeader. It's a loser and my comments haven't helped him much.,12-30-2015 15:22:44,766,2488,false,682220279871979520
Twitter for Android,"@Sir_Max: andreajmarkley: Rubio finally gets an endorsement ‚Äì from #Benghazi loser Gowdy #Tcot #pjnet https://t.co/lJcHG0IHaM via dailyne,12-27-2015 12:37:24,929,2210,false,681091509811306496
Twitter for Android,.@JebBush today said he didn't want to be the front-runner he would rather be where he is now 2%. That is the talk of a loser can't win!,12-21-2015 04:42:21,3119,8076,false,678797631250911232
Twitter for Android,Something must be done with dopey @KarlRove - he is pushing Republicans down the same old path of defeat. Don't fall for it Karl is a loser,12-13-2015 05:28:50,2528,6031,false,675910224855855104
Twitter for Android,Why does @CNN bore their audience with people like @secupp a totally biased loser who doesn't have a clue. I hear she will soon be gone!,12-10-2015 02:25:58,1471,4041,false,674777043163332608
Twitter for Android,"@mysteriousLoser: @realDonaldTrump did you hear the mayor nutter of philadelphias comments towards you? Ignorance" Yes he is a crude dope!,12-09-2015 13:20:01,944,2740,false,674579252956815360
Twitter for Android,@KarlRove just totally bombed on @Morning_Joe. @FoxNews has him on even though he has lost all credibility - a loser!  Fox should dump Rove.,11-25-2015 13:40:35,681,1445,false,669510996504010752
Twitter Web Client,Republicans must stop relying on losers like @KarlRove if they want to start winning presidential elections. Be tough and get smart!,11-24-2015 20:02:19,2477,5192,false,669244676176760833
Twitter for Android,The media must immediately stop calling ISIS leaders "MASTERMINDS." Call them instead thugs and losers. Young people must not go into ISIS!,11-20-2015 12:50:14,6526,12758,false,667686386653388800
Twitter for Android,I have watched sloppy Graydon Carter fail and close Spy Magazine and now am watching him fail at @VanityFair Magazine. He is a total loser!,11-15-2015 23:47:06,797,2166,false,666039755038150656
Twitter for Android,"@N_R_Mandela: @realDonaldTrump And you're still a negative loser and Trump is still a positive winner. I'm Black and proudly voting TRUMP!",11-01-2015 05:15:59,925,2361,false,660686703359877120
Twitter for Android,The money losing @politico is considered by many in the world of politics to be the dumbest and most slanted of the political sites. Losers!,10-29-2015 10:47:56,1266,2537,false,659683076109303808
Twitter for Android,"@joeoh89: @seanhannity  @realDonaldTrump What happened to The Pledge? Walker quits and slams Trump. Losers proving Pledge was sham.",09-22-2015 02:27:43,1555,2498,false,646148841834680320
Twitter for Android,"@MlSSTHOT: @realDonaldTrump: Ignore the losers and the haters you are  going to make this country great again",09-12-2015 11:19:28,650,1589,false,642658783064403968
Twitter for Android,"@RubenMMoreno: @realDonaldTrump The biggest loser in the debate was @megynkelly. You can't out trump Donald Trump. You will lose!,08-07-2015 07:23:31,866,1977,false,629553442944602112
Twitter Web Client,Via @fitsnews: ‚ÄúDonald Trump: John McCain Is ‚ÄòA Loser‚Äô‚Äù http://t.co/sgiETvdUqi,07-18-2015 21:45:48,438,905,false,622522682245033984
Twitter Web Client,.@KarlRove wasted $400 million + and didn‚Äôt win one race‚Äîa total loser. @FoxNews,07-16-2015 15:02:34,537,845,false,621696429749325825
Twitter for Android,"@nojoed: @realDonaldTrump @KarlRove Karl why don't you sit this election cycle out we had enough losers to last us a life time." True.,06-22-2015 19:59:42,99,228,false,613073899505500160
Twitter Web Client,It's time for government to stop picking winners &amp; losers. Let‚Äôs make sure everyone can achieve the American dream! https://t.co/u25yI5T7E8,06-22-2015 16:35:39,229,438,false,613022549824405504
Twitter for Android,"@_Snurk: @realDonaldTrump¬†Love it! Always respect FIGHTERS over overrated loser POLITITIANS!! Inspire GREATNESS! #TRUMP #2016",06-16-2015 07:30:05,21,58,false,610710925088301056
Twitter for Android,"@Bobzilla305: @realDonaldTrump @krauthammer is a progressive making money off of the Conservative viewership" A total loser!,06-05-2015 04:10:24,26,45,false,606674404723015682
Twitter Web Client,All the haters &amp; losers must admit that unlike others I never attacked dopey Jon Stewart for his phony last name. Would never do that!,06-01-2015 16:20:38,125,192,false,605408625461460993
Twitter Web Client,While Jon Stewart is a joke not very bright and totally overrated some losers and haters will miss him &amp; his dumb clown humor. Too bad!,06-01-2015 16:19:39,290,389,false,605408374969253888
Twitter for Android,All the haters and losers must admit that unlike others  I never attacked dopey Jon Stewart for his phony last name. Would never do that!,05-31-2015 02:33:29,306,405,false,604838076586856448
Twitter for Android,While Jon Stewart is a joke not very bright and totally overrated some losers and haters will miss him and his dumb clown humor. Too bad!,05-31-2015 01:48:34,444,656,false,604826775030509568
Twitter for Android,I would like to wish everyone including all haters and losers (of which sadly there are many) a truly happy and enjoyable Memorial Day!,05-24-2015 20:26:32,8567,11084,false,602571404861636608
Twitter for Android,"@HarmonBrew: @FoxNews @megynkelly  DonaldTrump #KellyFile Trump is so right about Geller. Megyn stop advocating for her; its a loser.",05-21-2015 05:58:13,11,12,false,601265719007944704
Twitter Web Client,"@KhathuEnos  ignoring haters and losers is the best medicine of success build a wall from whatever they throw towards you Sir.",05-18-2015 14:30:45,51,74,false,600307541306941440
Twitter for Android,"@utkarsh_chheda: @realDonaldTrump @Elgianne damn.. a lot of haters follow u...."  Haters and losers!,05-18-2015 12:11:19,22,46,false,600272452988592129
Twitter for Android,Why do we always try to destroy our true champions and winners in this country while at the same time leaving the losers alone? STUPID!,05-11-2015 23:47:22,1908,2163,false,597910903007371265
Twitter for Android,"@ScottFConroy: Kentucky Derby? More like Kentucky Losers! DonaldTrump is only horse in race that matters for America! Strong fierce noble,05-02-2015 22:59:19,68,105,false,594637318754992128
Twitter for Android,.@NRO  Not much is as "dead" or irrelevant as National Review thanks to guidance of Goldberg a total loser! Get some real talent or fold!,04-25-2015 14:40:42,72,109,false,591975121616777217
Twitter for Android,For all of the haters and losers out there sorry I never went Bankrupt -- but I did build a world class company and employ many people!,04-18-2015 11:21:33,436,717,false,589388289456660480
Twitter for Android,"@BretBaier: Tonight on the #SpecialReport panel we have @georgewillf @ron_fournier and @JonahNRO. What a group of losers on your panel!,04-18-2015 02:10:05,16,43,false,589249511714902016
Twitter for Android,Thanks @JamersonHayes they are all total losers with nothing going for them!,04-12-2015 01:54:20,13,39,false,587071216990756864
Twitter for Android,"@tijfbutler: Greatest Easter greeting ever RT‚Äú@realDonaldTrump: I wish everyone including the haters and losers a very happy Easter!‚Äù",04-05-2015 19:55:37,57,97,false,584806615834046464
Twitter for Android,I wish everyone including the haters and losers a very happy Easter!,04-05-2015 09:24:13,12290,13177,false,584647721883148288
Twitter for Android,"@MotAmazeBeGREAT: "What separates the winners from the losers is how a person reacts to each new twist of fate." - Donald Trump,02-14-2015 02:36:33,76,93,false,566425736123514880
Twitter for Android,"@VMilaccio: #DonaldTrump was right about #RosieODonnell. She is a no talent loser who deserves her comeuppance. @realDonaldTrump",02-11-2015 02:50:43,23,73,false,565342137416691713
Twitter for Android,"@realmissalusa: "What separates the winners from the losers is how a person reacts to each new twist of fate." @realDonaldTrump üëë‚ú®",01-27-2015 02:18:18,51,102,false,559898158470549504
Twitter for Android,"@Pretty_Nikki21: @realDonaldTrump is trying to set @KenyaMoore up putting her in loser seats #CelebApprentice",01-27-2015 02:17:32,7,18,false,559897966899888128
Twitter Web Client,Why do people give @KarlRove contributions when they know he is a loser who has no idea how to win? http://t.co/mbnmf8D8jI,01-26-2015 21:52:09,74,108,false,559831181819392000
Twitter for Android,Word is that @NBCNews is firing sleepy eyes Chuck Todd in that his ratings on Meet the Press are setting record lows. He's a real loser!,01-25-2015 15:48:44,184,207,false,559377335636746240
Twitter for Android,Despite what the haters and losers like to say I never filed for bankruptcy but WOW the preeminent gaming company Caesars just did.,01-15-2015 15:51:46,121,123,false,555754219831955456
Twitter for Android,To EVERYONE including all haters and losers HAPPY NEW YEAR. Work hard be smart and always remember  WINNING TAKES CARE OF EVERYTHING!,12-31-2014 21:15:21,1271,1209,false,550399835682390016
Twitter Web Client,What separates the winners from the losers is how a person reacts to each new twist of fate.,12-30-2014 21:50:40,580,512,false,550046337547665409
Twitter for Android,"@rinibobusepi: RT @realDonaldTrump ‚ÄúYou're never a loser until you quit trying‚Äù - Mike Ditka",12-30-2014 11:16:01,61,64,false,549886622943444992
Twitter for Android,So many people think I will not run for President.Wow I wonder what the response will be if I do. Even the haters and losers will be happy!,12-24-2014 23:52:57,847,1081,false,547902782288986112
Twitter for Android,"@kyleraccio: @realDonaldTrump loser newspaper &amp; loser comedian!",12-24-2014 03:47:36,7,15,false,547599447220572161
Twitter for Android,Sorry @Rosie is a mentally sick woman a bully a dummy and above all a loser. Other than that she is just wonderful!,12-09-2014 01:53:59,712,890,false,542135034984284160
Twitter for Android,"@LeRoyal_Pegasus: ‚ÄúShow me someone without an ego and I'll show you a loser.‚Äù ‚Äï @realDonaldTrump",10-28-2014 12:00:14,79,107,false,527067312730693632
Twitter for Android,.@katyperry  Katy what the hell were you thinking when you married loser Russell Brand. There is a guy who has got nothing going a waste!,10-16-2014 23:52:22,6967,6872,false,522897870891261952
Twitter Web Client,I watched Russell Brand @rustyrockets on the @jimmyfallon show the other night‚Äîwhat the hell do people see in Russell‚Äîa major loser!,10-16-2014 20:50:24,360,449,false,522852077488185344
Twitter Web Client,Lightweight @AGSchneiderman is driving business &amp; jobs out of NY. Only wants self publicity‚Äîa total loser!,10-15-2014 16:18:38,34,34,false,522421300124729344
Twitter for Android,"@DRJAMESCABOT: Donald you're so handsome... i can speak... Paltrow loser... Trump 2016 rock n roll back in the OVAL not Paltrow",10-13-2014 11:29:02,100,100,false,521623643257049088
Twitter Web Client,Lightweight @AGSchneiderman will probably win only because he is a Dem in NY but what a loser!,10-10-2014 14:32:48,16,43,false,520582724533641216
Twitter for Android,Every time I speak of the haters and losers I do so with great love and affection. They cannot help the fact that they were born fucked up!,09-29-2014 00:21:19,34453,34807,false,516382177798680576
Twitter for Android,I wonder if I run for PRESIDENT will the haters and losers vote for me knowing that I will MAKE AMERICA GREAT AGAIN? I say they will!,09-26-2014 22:52:39,8031,7021,false,515635087275474944
Twitter for Android,What separates the winners from the losers is how a person reacts to each new twist of fate.,09-20-2014 09:03:24,615,515,false,513252073727873024
Twitter for Android,I have nothing to do with Atlantic City-sold years ago (great timing). For losers and haters I NEVER went bankrupt. Plus $10 billion sorry,09-13-2014 23:54:43,290,473,false,510939662685593600
Twitter Web Client,Congratulations to @rushlimbaugh on his recent 26th year anniversary. Rush has revolutionized talk radio! Sorry haters and losers!,08-05-2014 19:04:25,152,238,false,496733481196851200
Twitter for Android,.@FrankLuntz works really hard but is a guy who just doesn't have it - a total loser!,08-04-2014 02:22:49,71,73,false,496119034543636480
Twitter for Android,"@seankesser: @Ross_7_7 @4politics2 @lonepatrick Trump is a winner. EVERYONE knows that.Some LOSERS don't acknowledge it yet follow him",07-24-2014 03:06:24,16,36,false,492143732624330753
Twitter for Android,Again for all of the haters and losers I have NOTHING to do with Atlantic City - got out a long time ago!,07-14-2014 13:04:39,135,199,false,488670411119267840
Twitter for Android,"@FSMalang: "Show me a man without an ego and I'll show you a loser" - Donald Trump",07-08-2014 05:32:36,217,206,false,486382318819352577
Twitter for Android,Happy 4th of July to everyone  including the haters and losers!,07-04-2014 04:57:34,6244,5729,false,484923950917353473
Twitter Web Client,‚ÄúFailures are expected by losers ignored by winners.‚Äù  -- @CoachJoeGibbs,06-26-2014 14:13:23,226,193,false,482164726391390208
Twitter Web Client,The dying @NYDailyNews asked me to do an Editorial on the Central Park 5 ripoff  &amp; then they pretend it was my idea. Loser newspaper!,06-23-2014 17:16:41,65,74,false,481123689644457984
Twitter for Android,"@jperk1: @realDonaldTrump Goldberger was a loser"  True really bad taste - but he's gone now!,06-22-2014 08:15:00,9,12,false,480624986294456321
Twitter Web Client,PM Sarah Westcot-Williams incompetence should not be rewarded. You should vote for anyone who runs against her‚Äîloser! @PrimeMinisterSX,06-19-2014 20:02:08,16,16,false,479715774731673600
Twitter for Android,"@bigD921: @realDonaldTrump @jrnicholas8 I hope we can survive the rest of this losers 8 year term",06-17-2014 03:02:20,29,58,false,478734358266667008
Twitter for Android,I would like to wish all fathers even the haters and losers a very happy Fathers Day.,06-15-2014 03:37:09,4078,3893,false,478018343967162369
Twitter for Android,I told all of the haters and losers long ago that Iraq would fall take the OIL or get out fast! Massive waste of lives and trillions of $'s,06-12-2014 12:07:32,398,347,false,477059623979986944
Twitter for Android,"@Wolf_Hausmann: What separates the winners from the losers is how a person reacts to each new twist of fate. --Donald Trump",06-04-2014 09:30:38,96,107,false,474121038037778432
Twitter for Android,"@ptarkkonen: "What separates the winners from the losers is how a person reacts to each new twist of fate." -Donald Trump #leadership",05-23-2014 13:02:52,155,128,false,469825790851284992
Twitter for Android,"@WereAllLemmings: So many people post hateful messages to @realDonaldTrump yet they still follow him...secretly envious maybe? No losers!,05-17-2014 06:22:51,23,61,false,467550795723182080
Twitter Web Client,Just had a great legal victory in Ft. Lauderdale -- won trial --  now will receive tremendous $ in legal fees from losers. Love it!,05-06-2014 14:16:52,181,309,false,463683822031495168
Twitter for Android,"@buff1414: @realDonaldTrump @sethmeyers Enough Donnie. Stop busting the guys balls."  Why he's a total loser!,05-03-2014 02:33:44,22,31,false,462419708722290688
Twitter for Android,Wow Vanity Fair was totally shut out at the National Magazine Awards - it got NOTHING. Graydon Carter is a loser with bad food restaurants!,05-02-2014 11:15:45,61,72,false,462188692275490816
Twitter for Android,"@miorazhari: Show me someone without an ego and I'll show you a loser. (Donald Trump)",04-12-2014 09:06:03,118,140,false,454908292700315648
Twitter for Android,Haters and losers say I wear a wig (I don't) say I went bankrupt (I didn't) say I'm worth $3.9 billion (much more). They know the truth!,04-05-2014 21:02:05,975,1083,false,452551774738874368
Twitter for Android,"@RivalofElmBlock: @TMZ mark cuban is a nut. way less powerful than Donald Trump"  I agree - also in many ways a total loser!,04-05-2014 13:03:24,136,249,false,452431310876065794
Twitter for Android,To all haters and losers: I am NOT anti-vaccine but I am against shooting massive doses into tiny children. Spread shots out over time.,03-29-2014 09:11:51,329,597,false,449836320572321792
Twitter Web Client,"You're never a loser until you quit trying." -- Mike Ditka,03-05-2014 20:40:09,779,550,false,441312228608704512
Twitter for Android,"@christuhglo: @realDonaldTrump I love how you handle the haters" You mean the haters and losers!,03-03-2014 04:26:31,55,110,false,440342433394458624
Twitter Web Client,Lightweight @AGSchneiderman‚Äôs phony lawsuit against Trump U was decimated by the court‚Äîhe‚Äôs a loser!,02-27-2014 14:43:22,143,121,false,439048116407635968
Twitter for Android,"@SpinningDisk: @realDonaldTrump Ignore them Mr. Trump. Don't waste your time. Sounds like a personal problem for them." LOSERS!,02-19-2014 01:24:56,19,30,false,435948078554968064
Twitter Web Client,For entrepreneurs ignorance is not bliss. It's fatal. It's costly. And it's for losers. You either get organized or get crushed.,01-27-2014 19:14:53,737,531,false,427882421782970368
Twitter Web Client,‚ÄúYou're never a loser until you quit trying.‚Äù - Mike Ditka,01-20-2014 21:28:43,940,605,false,425379385714024448
Twitter Web Client,Lightweight @AGSchneiderman is fighting with @NYGovCuomo ‚ÄìCuomo wins that one easily. Schneiderman is a total loser.,01-16-2014 20:49:28,12,19,false,423919957089349633
Twitter for Android,"@twinmama85: I love the faux confidence gives people on Twitter...your haters would never say these things to your face."Not haterslosers!,12-18-2013 03:23:33,61,101,false,413147496823537664
Twitter for Android,Show me someone without an ego and I'll show you a loser - having a healthy ego or high opinion of yourself is a real positive in life!,12-08-2013 08:01:27,1485,1409,false,409593552314712064
Twitter for Android,You can only smile when the losers of the world try so hard to put down successful people. Just remember they all want to be YOU!,12-03-2013 13:40:45,774,695,false,407867002024628224
Twitter Web Client,Happy Thanksgiving to all--even the haters and losers!,11-27-2013 19:22:27,10102,8340,false,405778664039534592
Twitter for Android,Happy Veterans Day to ALL in particular to the haters and losers who have no idea how lucky they are!!!,11-11-2013 12:59:09,994,787,false,399883997997969408
Twitter Web Client,‚ÄúYou're never a loser until you quit trying.‚Äù - Mike Ditka,10-30-2013 21:00:28,784,436,false,395656470110273536
Twitter Web Client,.@AlexSalmond suffered a huge defeat by the people of Blackdog. Communities all over Scotland are fighting this loser.,10-29-2013 16:06:03,40,20,false,395219992125243392
Twitter Web Client,@TheTinaBeast‚Äôs continued incompetence has led to more people losing their jobs http://t.co/W6d60Oiecc She's a perpetual job loser.,10-03-2013 19:35:48,7,1,false,385850690632818688
Twitter for Android,"@KobayashiNick: @realDonaldTrump do you have to retweet the only people who actually give you a complement? Should I retweet haters-losers?,09-21-2013 23:39:21,22,41,false,381563330349240320
Twitter for Android,‚Äú@realDonaldTrump: I would like to extend my best wishes to all even the haters and losers on this special date September 11th.‚Äù,09-12-2013 00:12:48,6370,3930,false,377947866641485824
Twitter for Android,"@REAPEROFTRUTH: @realDonaldTrump u mad because @jayleno doesn't want u on his show? He begs me to go on his show-done it many times loser!,09-05-2013 03:50:03,27,31,false,375465828265000960
Twitter Web Client,The Patch a total loser for @AOL will be a good deal compared to @HuffingtonPost. @ariannahuff laughs at ‚Äústupid‚Äù Armstrong!,08-13-2013 18:43:13,23,6,false,367355679394115585
Twitter for Android,"@pencey_mouth: remember when donald trump blocked me. i'm proud of myself"  NO YOU'RE A LOSER!,08-13-2013 09:18:57,540,688,false,367213676459479040
Twitter for Android,When I jokingly said "bring back Steve Jobs to run Apple" because Apple has not been doing well the haters &amp; losers had a field day!  Sad.,08-01-2013 12:25:37,162,94,false,362911998147047424
Twitter for Android,I've just started blocking out some of the repetitive and boring (&amp; dumb) haters and losers. They are a waste of time and energy!,07-25-2013 04:22:44,268,341,false,360253759483428864
Twitter for Android,"@abbasjaf: @realDonaldTrump well Vattenfall shoulda come to you for advice." They were too arrogant and too stupid-Aberdeen turbines=losers,07-24-2013 10:20:14,6,8,false,359981339820310528
Twitter for Android,"@SeanMcQuade: @Acliffe @realDonaldTrump jealous of his success ?"  Sean don't waste your time on these losers-they have nothing going!,07-21-2013 05:30:25,7,17,false,358821244314980353
Twitter for Android,"@JamesMattiske: @realDonaldTrump the haters are just jelous because they are not successful like you"  The haters are losers with no guts!,07-14-2013 06:39:44,39,40,false,356301972976041984
Twitter for Android,"@PhilipinDC: I've finally unfollowed @realDonaldTrump"  I doubt it loser but if so you'll be back because you're lonely &amp; admire genius!,07-13-2013 22:59:20,152,165,false,356186107660083201
Twitter for Android,"@MrPerfect4: @realDonaldTrump how come u only reply to compliments?"  Because I like nice people far better than the losers and haters.,07-13-2013 03:09:33,148,248,false,355886691468324865
Twitter for Android,"@GZervs: @realDonaldTrump why would Howard ever want to play for the loser owner Cuban ?"  I guess he didn't!,07-06-2013 01:36:10,12,10,false,353326474817839104
Twitter for Android,"@stevemit30: @realDonaldTrump everyone knew he was going to Houston - Bullshit loser most thought Lakers or Dallas!,07-06-2013 01:15:13,40,30,false,353321201768202241
Twitter for Android,"@m_i_c_h_a_e_l_m: @realDonaldTrump you are a very handsome man"   I know but the haters and losers never give me credit for that! Too bad.,07-06-2013 01:12:57,155,108,false,353320629128278018
Twitter for Android,"@Numerologynow: @realDonaldTrump U R RICH because your #DADDY left U with 400 Million. I only wish my daddy left me 400M loser-Now over 10B,07-04-2013 14:45:31,49,40,false,352800343547052034
Twitter for Android,Sharks are last on my list - other than perhaps the losers and haters of the World!,07-04-2013 14:28:50,762,846,false,352796146927796226
Twitter for Android,Everytime someone tweets that I wear a wig realize to yourself that you are dealing with "them" - just another sad &amp; lonely hater and loser!,06-30-2013 00:54:49,795,861,false,351141738766807040
Twitter for Android,"@MrsDaRe: @jimbhoyx @realDonaldTrump If you hate him so much then why do you follow him? Because these people are serious losers (&amp; lonley),06-30-2013 00:46:29,14,22,false,351139641774182401
Twitter for Android,I like doing this once a month for the haters &amp; losers (and as they know)-I don't wear a "wig". Some may not like my hairstyle but all mine,06-30-2013 00:39:33,337,232,false,351137900324339712
Twitter for Android,What my father really gave me is a good (great) brain motivation and the benefit of his experience-unlike the haters and losers (lazy!).,06-29-2013 23:25:00,317,314,false,351119135830327298
Twitter Web Client,@DannyZuker Loser Danny is obsessed with Trump.,06-20-2013 17:25:08,15,35,false,347767082064158720
Twitter for Android,"@not_that_actor: @realDonaldTrump It continues to amaze me how losers just can't stand your success DJ. But success is the best revenge",06-20-2013 11:28:42,47,36,false,347677384230715394
Twitter for Android,Like it or not haters and losers everybody is talking about Miss U.S.A. and Miss Utah. By the way she is a fine young woman-unfair to her.,06-18-2013 01:13:01,187,142,false,346797664240820224
Twitter Web Client,I own @DannyZuker but he has his friends &amp; haters &amp; losers tweeting that he beat me. He can‚Äôt beat me at anything!,06-17-2013 20:13:38,60,49,false,346722323811926016
Twitter for Android,Happy Father's Day to all even the haters and losers!,06-15-2013 23:43:11,2722,2041,false,346050284222558209
Twitter for Android,"@Tigergal62: Not very presidential: @realDonaldTrump: .@DannyZuker Danny--You're a total loser!"  Perhaps but 100% true!,06-13-2013 01:26:57,16,7,false,344989234916114434
Twitter for Android,"@Who_MikeJones6: @realDonaldTrump #Trump2016 #zukerisaloser",06-12-2013 20:08:45,6,8,false,344909154814681088
Twitter Web Client,.@DannyZuker  Danny--You're a total loser!,06-12-2013 19:26:14,148,196,false,344898458169257984
Twitter for Android,"@Ghetto_Trophy: @realDonaldTrump how are you a billionaire?"  You mean ten times over hater (loser).,05-27-2013 23:48:03,101,122,false,339166139143827456
Twitter for Android,"@thatBrody: @realDonaldTrump The @SternShow would never have @DannyZuker on. A.) Not funny enough. B.) Not famous enough. C) Hates losers.,05-25-2013 23:07:27,8,13,false,338431147115687936
Twitter for Android,"@MikeMcCabeSad: @realDonaldTrump @DannyZuker the fact that you keep tweeting at him is showing why you lost"  True Danny is a known loser!,05-25-2013 22:36:27,16,20,false,338423344095440896
Twitter for Android,"@RealSonnyNewman: @realDonaldTrump wins @DannyZuker is afraid of you and knows he is a pathetic loser. Mr. Trump you are a role model.,05-25-2013 22:10:58,4,9,false,338416929679241217
Twitter for Android,"@raybongz: RT @realDonaldTrump: It should be mandatory that all haters and losers use their real name or identification. Say it again!,05-25-2013 21:24:13,17,17,false,338405167605088257
Twitter for Android,"@DannyZuker: .@realDonaldTrump I'll never respond to your asinine bet. You're gutless Danny and you don't even know what the bet is-loser!,05-25-2013 20:56:54,13,21,false,338398290490040320
Twitter for Android,"@TorresTerrell: @realDonaldTrump whoa.....what are they so mad about? #KeepCalm"  Don't worry it's just the same old losers and haters!,05-25-2013 20:36:57,14,16,false,338393270902218752
Twitter for Android,Hope everyone is watching the Finale rerun of Celebrity Apprentice on CNBC-especially the haters and losers! It is on right now.,05-25-2013 00:35:28,42,43,false,338090906429313025
Twitter for Android,It should be mandatory that all haters and losers use their real name or identification when tweeting - they will no longer be so brave!,05-24-2013 21:21:43,1186,1349,false,338042150812012546
Twitter for Android,I loved beating these two terrible human beings. I would never recommend that anyone use her lawyer he is a total loser!,05-23-2013 23:24:10,65,41,false,337710578002980865
Twitter for Android,@markwonderful   Sorry Graydon Carter is a major loser just ask his wife!,05-23-2013 00:49:46,3,5,false,337369728840515585
Twitter for Android,@Subhana_Anwar   It's easy just think of haters as losers with.little imagination and even less understanding of success-and very lazy!,05-19-2013 12:16:23,3,3,false,336092972175224833
Twitter for Android,"@theRealRyanMatt: @realDonaldTrump i never seen apprentice or shark tank am i a fat loser?"  No just a loser!,05-11-2013 21:36:21,145,141,false,333334790180855808
Twitter for Android,"@DurantRandy: @realDonaldTrump Mr. Trump; some of these losers just don't get it. They need to look at why your on top.",05-11-2013 10:31:49,23,26,false,333167553138540544
Twitter for Android,Sorry losers and haters but my I.Q. is one of the highest -and you all know it! Please don't feel so stupid or insecureit's not your fault,05-09-2013 01:37:06,60747,55071,false,332308211321425920
Twitter for Android,"@MarkDRucker1: @realDonaldTrump I wish you'd spend more time building people up rather than tearing them down. I only tear down losers.,05-08-2013 04:43:28,86,91,false,331992723353636865
Twitter for Android,"@gdelag: @realDonaldTrump @rodmonium91 Just ck how many followers have each follower.  But I notice you follow loser-boredom without Trump!,05-08-2013 03:24:29,5,8,false,331972846509244416
Twitter Web Client,Amazing how the haters &amp; losers keep tweeting the name ‚ÄúF**kface Von Clownstick‚Äù like they are so original &amp; like no one else is doing it...,05-03-2013 16:35:29,35968,32399,false,330359969813770242
Twitter Web Client,It's crunch time. This Sunday's All-Star Celebrity @ApprenticeNBC's task will separate the winners from the losers.,05-03-2013 15:23:52,15,13,false,330341945916411904
Twitter for Android,"@pzarrella21: @realDonaldTrump I don't understand the trolls that follow celebrities to curse them out on a daily basis. #getalife. LOSERS!,05-02-2013 22:56:32,49,58,false,330093477872414721
Twitter for Android,"@BridgetGonzale3: @realDonaldTrump I mean seriously come on Donald Trump is the coolest guy ever."  Thanks but easy against the losers!,04-30-2013 02:50:45,24,19,false,329065257379196928
Twitter for Android,@DannyZuker  Night loser!,04-30-2013 02:42:47,103,135,false,329063251222618112
Twitter for Android,"@PureManhattan: @DannyZuker @realDonaldTrump Id rather support The Don than some clown. Just saying. Danny you are a clown.Yes and loser!,04-30-2013 02:20:16,14,11,false,329057584847925248
Twitter for Android,"@jtan_from_ott: @realDonaldTrump would ever have a loser like @dannyzuker on the apprentice? His stupidity could be funny. Interesting!,04-30-2013 01:53:58,12,35,false,329050965028241409
Twitter for Android,"@PyperProblems: @realDonaldTrump someone needs to fire @DannyZuker !"  He will fire himself-a total loser!,04-30-2013 00:11:52,19,15,false,329025271346909184
Twitter Web Client,‚ÄúFailed show @DannyZuker‚Äù I have never heard of you and was told you are a loser-after reading your credits I have no questions about it!,04-29-2013 19:32:13,60,80,false,328954894176366594
Twitter for Android,"@jTheCollegeKid: @realDonaldTrump @joooooojaah Shut up Trump I'm unfollowing you"  Great but you won't stop loser-you have no control!,04-27-2013 03:24:52,27,47,false,327986677383561218
Twitter Web Client,Wow I‚Äôm at 2200000  followers but I‚Äôd love to get rid of the haters &amp; losers‚Äîthey‚Äôre such a waste of time!,04-25-2013 16:50:55,368,396,false,327464749837189120
Twitter Web Client,@Ashley33331 True but the losers don't know that--thanks.,04-25-2013 16:31:31,3,1,false,327459867633790976
Twitter Web Client,@thebageldogs @frankshow @kristinaoakes Thanks--the haters &amp; losers know that too.,04-25-2013 16:28:04,1,3,false,327459001858158592
Twitter for Android,"@DaveCentrist: @realDonaldTrump The most over-rated person on the planet Donald J. Trump. Except by himself. Why do you follow loser?,04-25-2013 13:11:53,17,21,false,327409630974205952
Twitter Web Client,As everybody knows but the haters &amp; losers refuse to acknowledge I do not wear a ‚Äúwig.‚Äù My hair may not be perfect but it‚Äôs mine.,04-24-2013 15:10:25,6190,5245,false,327077073380331525
Twitter for Android,I have many great people but also an amazing number of haters and losers responding to my tweets-why do these lowlifes follow-nothing to do!,04-24-2013 08:34:56,273,294,false,326977545352392704
Twitter for Android,My ties and shirts are doing very big numbers @Macy's beyond my wildest thoughts! Thanks @GoAngelo and the rest of the losers for mentions!,04-22-2013 06:51:08,41,31,false,326226646245986304
Twitter for Android,"@Lumberportal: @realDonaldTrump I don't think the haters or losers bother Donald one bit haha. Do they affect you in anyway?" No!,04-20-2013 11:04:10,17,12,false,325565551797755904
Twitter for Android,"@Jarius_Rembert: @realDonaldTrump has a lot of haters." Not haters losers!,04-20-2013 10:52:28,50,65,false,325562604938465281
Twitter for Android,I hope everyone (especially the haters and losers) goes to Macy's today and buys some DJT ties shirts and suits-and SUCCESS Fragrance-love!,04-10-2013 11:42:32,132,91,false,321951327301296128
Twitter for Android,Sorry losers and haters but I LOVED the great energy in Madison Square Garden during my speech. The WWE thought it was incredible - it was!,04-10-2013 10:25:31,176,171,false,321931942746521600
Twitter for Android,"@ec364: @realDonaldTrump where's Sadam's billiions of $$ after Bush invested American taxpayer$. We were too stupid to take it-loser pols!,04-07-2013 10:56:28,32,18,false,320852568920166401
Twitter for Android,"@rodmonium91: @realDonaldTrump Will the Mavs make the playoffs what do u think Mr Trump?" No Mark Cuban is a loser!,04-05-2013 13:22:03,125,95,false,320164430530887680
Twitter for Android,The haters and losers that assume I was a non-athlete and know nothing about coaches should look into my past-unlike our President-open book,04-03-2013 12:58:08,207,169,false,319433637705691137
Twitter Web Client,.@MichelleMalkin would be nothing without being on the @seanhannity show.  I don‚Äôt see what Sean sees in her‚Äîloser!,03-22-2013 17:50:49,100,61,false,315158640199872514
Twitter Web Client,Why do the losers &amp; haters always say I wear a ‚Äúwig‚Äù when they know I don‚Äôt.  Like it or not it‚Äôs all mine‚Äîjust ask Barbara Walters.,03-20-2013 21:41:44,700,550,false,314491973484564481
Twitter Web Client,Why do shows have @ananavarro‚ÄîNtl Hispanic Chair for the losing McCain ‚Äô08 &amp; Huntsman ‚Äô12.  She‚Äôs a loser who doesn‚Äôt deliver votes.,03-19-2013 18:13:14,46,40,false,314077115408580608
Twitter for Android,Golf match? I've won 18 Club Championships including this weekend. @mcuban swings like a little girl with no power or talent. Mark's a loser,03-19-2013 11:07:48,1410,1482,false,313970051453710336
Twitter for Android,"@johnbravo_1: @realDonaldTrump @kmac5911 @mcuban Hey Donald! What's the best confidence builder?"   Going against losers like Mark Cuban!,03-19-2013 03:26:45,220,244,false,313854024606703617
Twitter for Android,@bearmntn  But I like picking on losers!,03-19-2013 00:20:31,9,13,false,313807157621571584
Twitter for Android,"@salesdan48: @realDonaldTrump Mark will go down in history as a clownish buffoon. Mark my words." I agree with you-and a loser!,03-18-2013 21:23:42,16,8,false,313762661303189504
Twitter Web Client,Great article by @jameshohmann @politico explaining why @KarlRove was biggest loser @CPACnews http://t.co/QHnym5AjPG James is sharp.,03-18-2013 20:34:12,15,11,false,313750202450329600
Twitter for Android,Losers and haterseven you as low and dumb as you are can learn from watching Apprentice and checking out my tweets-you can still succeed!,03-03-2013 23:58:56,2327,2069,false,308365908420751360
Twitter for Android,Losers and haters are invited to watch Celebrity Apprentice along with the many great and productive people in the hope that you will learn.,03-03-2013 22:56:49,295,169,false,308350274920148992
Twitter for Android,"@ZarkRiggs: @realDonaldTrump It's all about jealousy. You should just ignore their false reporting." But I'd rather expose them as losers!,03-03-2013 12:52:50,25,19,false,308198281329131520
Twitter for Android,"@SPORTSGURU77: @realDonaldTrump who's Chris Jackson?" A total loser but a loyal follower!,03-03-2013 03:20:37,18,15,false,308054274754093057
Twitter Web Client,One good aspect of the Obama depression is that it will separate the winners from the losers. If you can make it now you deserve it!,02-28-2013 20:25:20,551,242,false,307224992096079873
Twitter Web Client,The ruling @GOP consultant class of losers like @KarlRove have no respect for the Tea Party.  They do this at their own peril!,02-26-2013 21:12:20,72,28,false,306512043475873794
Twitter Web Client,Why do losers &amp; haters always say I wear a ‚Äúwig‚Äù when they know I don‚Äôt. Like it or not it‚Äôs all mine‚Äîjust ask Barbara Walters.,02-25-2013 16:19:06,1216,859,false,306075861763887104
Twitter for Android,@Yolie4MS. Loser!,02-21-2013 03:28:17,19,11,false,304432326266454017
Twitter for Android,@mldemmons.  Go Angelo failed and gave up - now wants more p.r.  - loser!,02-20-2013 21:34:45,1,1,false,304343358288039936
Mobile Web (M5),The many losers and haters never have the brains or stamina to become truly successful!,02-19-2013 22:40:08,531,262,false,303997422907047936
Twitter Web Client,If I‚Äôm the third most envied man in America the small group of haters and losers must be nauseas.,02-15-2013 22:48:12,875,818,false,302549902255325184
Twitter Web Client,It‚Äôs okay but why do the haters (&amp; losers) want to follow me on twitter?? Get a life!,02-12-2013 18:39:55,712,587,false,301400255822434304
Twitter Web Client,‚ÄúDonald Trump: ‚ÄòKarl Rove Is A Total Loser‚Äô So Why Are People Still Giving Him Money?‚Äù  http://t.co/q2RldzhB via @Mediaite,02-11-2013 19:07:12,76,31,false,301044733751488512
Twitter Web Client,I don‚Äôt like bullies.  I am not going to stand around and watch @KarlRove target the Tea Party.  Karl Rove gave us Barack Obama. Loser.,02-11-2013 17:50:50,1571,1645,false,301025514901094400
Mobile Web (M5),@karlrove is a total loser...save your money!,02-08-2013 13:04:33,131,95,false,299866309024440321
Twitter Web Client,Karl Rove is a total loser. Money given to him might as well be thrown down the drain.,02-07-2013 17:49:30,406,206,false,299575627449761793
Twitter Web Client,@CoCo471031 You really sound like a loser no-name!,01-22-2013 15:09:23,8,5,false,293737127529816064
Twitter Web Client,@lcf42 @Deadspin They are total losers.,01-18-2013 17:57:26,16,7,false,292329869096914945
Twitter Web Client,@ThePhilliesGirl @CrossingBroad @Deadspin  Sad losers!,01-18-2013 17:54:12,34,32,false,292329052977639424
Twitter Web Client,.@Deadspin guys are total losers‚Äîthey had their story stolen right from under their bad complexions‚Äîother media capitalized!,01-18-2013 16:59:49,132,65,false,292315366745600000
Twitter Web Client,@mimi_187  Mimi--perhaps because they are losers.,01-03-2013 16:30:57,2,5,false,286872285657325568
Twitter Web Client,@Nc777ww  He is a loser who will self-destruct  just like @Rosie!,12-21-2012 14:46:07,9,6,false,282134861349806080
Twitter Web Client,Dummy Graydon Carter doesn't like me too much...great news. He is a real loser! @VanityFair,12-19-2012 20:19:18,49,30,false,281493931538124801
Twitter Web Client,Dopey Sugar @Lord_Sugar‚Äîyou are the worst kind of loser‚Äîa total fool.,12-10-2012 18:05:27,222,136,false,278198760251727873
Twitter Web Client,.@Lord_Sugar....but you wouldn‚Äôt notice because you have no vision and you are a total loser.,12-07-2012 17:02:11,209,81,false,277095675836104704
Twitter Web Client,@colonopenbrakit  He is a loser--Andy Murray is a winner!,12-06-2012 17:01:08,1,0,false,276733023859396608
Twitter Web Client,Scots should boycott Glenfiddich garbage for not choosing great Olympic &amp; U.S. Open champ Andy Murray over total loser Michael Forbes.,12-06-2012 16:48:51,91,18,false,276729930073640960
Twitter Web Client,@KarlRove is such an embarrassment that @FoxNews is keeping him off air http://t.co/amke76xg Rove should be out of politics. A total loser!,12-05-2012 22:24:21,126,22,false,276451975980257281
Twitter Web Client,@Beardymilne @wtfagain I know you are jealous of Forbes &amp; a total loser.,12-05-2012 18:00:11,9,5,false,276385492755415040
Twitter Web Client,Glenfiddich is a joke‚Äîshould have chosen Andy Murray‚ÄîU.S. Open &amp; Olympic gold winner‚Äîas Top Scot instead of a total loser!,12-05-2012 17:21:56,70,20,false,276375870296440833
Twitter Web Client,@Beardymilne @wtfagain David--I hear you are jealous &amp; angry that Forbes got the award over you--two losers!,12-05-2012 16:03:53,13,17,false,276356227485806593
Twitter Web Client,Michael Forbes is a loser who failed to stop what was just named ‚Äúthe golf course of the year‚Äù and which has brought ...,12-04-2012 16:25:22,42,15,false,275999246333915136
Twitter Web Client,Obama is laughing at Karl Rove &amp; all the losers who spent hundreds of millions of dollars and didn‚Äôt win one race including the big one!,12-03-2012 21:05:26,195,72,false,275707339905060864
Twitter Web Client,I was nice to loser @rosie and she attacked me--it just shows never let up with a bully. They only fade when you hit them hard!,11-20-2012 19:29:51,249,197,false,270972240290516993
Twitter Web Client,.@MRbelzer is a stone cold loser with no talent--why did they ever put him on "Law and Order?",11-06-2012 21:24:38,188,105,false,265927697631420416
Twitter Web Client,...a real loser named Tim O'Brien--and it's never recovered.,10-26-2012 15:05:11,25,13,false,261845939172540416
Twitter Web Client,@G_Harwood  Because they are either jealous or losers (or both).,10-18-2012 16:16:08,1,5,false,258964691697676288
Twitter Web Client,The Huffington Post is such a loser--it will die just as AOL is dying What a stupid deal AOL made to buy it!,08-16-2012 17:51:47,268,156,false,236158329372680193
Twitter Web Client,Lightweight reporter Alex Pareene @pareene is known as a total joke in political circles. Hence he writes for Loser Salon. @Salon,08-15-2012 18:33:33,212,138,false,235806450952323072
Twitter Web Client,"Failure defeats losers failure inspires winners." -- Robert T. Kiyosaki@theRealKiyosaki,08-06-2012 20:37:01,524,149,false,232576030395736067
Twitter Web Client,"Show me someone without an ego and I'll show you a loser." --How To Get Rich,07-19-2012 13:46:36,1708,413,false,225949765324636160
Twitter Web Client,"I don't believe in government picking winners; or in the case of (@BarackObama) picking losers" --@MittRomney,06-14-2012 19:32:58,97,20,false,213353353420357632
Twitter Web Client,Losers such as George Will and @Rosie use me to get publicity for themselves. They are strictly third rate.,05-29-2012 15:48:13,154,88,false,207498587658129408
Twitter Web Client,.@Cher attacked @MittRomney. She is an average talent who is out of touch with reality. Like @Rosie O'Donnell a total loser!,05-10-2012 15:10:23,715,465,false,200603697435246592
Twitter Web Client,Firing @lisalampanelli may have come as a surprise. She‚Äôs a strong player. But there are no losers at this late point. #sweepstweet,05-07-2012 02:58:18,45,19,false,199332301463748609
Twitter Web Client,My @SquawkCNBC interview discussing why @MittRomney is a great nominee gas prices and why George Will is a loser. http://t.co/O1bZO2yO,03-06-2012 17:07:51,32,9,false,177078050750599168
TweetDeck,I feel sorry for Rosie 's new partner in love whose parents are devastated at the thought of their daughter being with @Rosie--a true loser.,12-14-2011 16:45:55,667,463,false,146994336670822400
TweetDeck,The S&P are losers. They did this for personal publicity in order to straighten out their terrible reputatio‚Ä¶ (cont) http://deck.ly/~PgL6v,08-09-2011 17:40:33,209,19,false,100984825103663104